epoch,train_mse,train_mae,train_rmse,train_r2,val_mse,val_mae,val_rmse,val_r2
1,0.09265575015898432,0.25941009406583854,0.3043940705056265,-0.1474064581917877,0.08613323368184217,0.2541402453309172,0.29348463960119303,-0.058017328902558014
2,0.08379581759133971,0.25019756340671184,0.28947507248697546,-0.03807636938015546,0.0858238338382094,0.2532989739121257,0.2929570511836324,-0.054126296843682135
3,0.08350082967461427,0.2497253492129302,0.2889651011361307,-0.0336361957767476,0.08581671269831957,0.25358033784619577,0.2929448970341002,-0.05410221406629869
