epoch,train_mse,train_mae,train_rmse,train_r2,val_mse,val_mae,val_rmse,val_r2
1,0.4164965924479406,0.3904294673548287,0.6453654719985727,0.5728970598760984,0.18759694255775666,0.25509726951755823,0.43312462705064075,0.807233285746262
2,0.148391708899832,0.2203873520737284,0.38521644422302637,0.8467346814183517,0.1144158061816307,0.1917959812725412,0.33825405567654426,0.8823754822236434
