epoch,train_mse,train_mae,train_rmse,train_r2,val_mse,val_mae,val_rmse,val_r2
1,0.617618773749293,0.4969858932136549,0.7858872525682631,0.3667845761392209,0.340543926902343,0.36623816501379547,0.5835614165641376,0.6491071817724667
2,0.33896626691625464,0.3718779058604887,0.5822080958869043,0.6502702039191031,0.2097971877877736,0.27498082117923084,0.45803622977639397,0.7845649979065928
3,0.25491309106772364,0.3246086013440033,0.5048891869189948,0.7368115419923545,0.1434724358168366,0.23257730890246842,0.37877755453146456,0.8520993500802988
