epoch,train_mse,train_mae,train_rmse,train_r2,val_mse,val_mae,val_rmse,val_r2
1,0.03759468997478948,0.11087203292205752,0.19389350163115182,0.9602488588447611,0.031913179699399725,0.1029098839338975,0.17864260325969203,0.9662048886361367
2,0.029512526948603502,0.09964272850984697,0.17179210385987914,0.9684876119389637,0.03743237254316249,0.1076445113449121,0.193474475172211,0.9600807632840695
3,0.02576939331383188,0.09488753759549227,0.1605284813166557,0.9725768531480128,0.02244734398238029,0.0882158214922172,0.14982437712995936,0.976404515727593
4,0.028802515864798473,0.09624043805396604,0.16971303976064558,0.9692238726608348,0.034677754100555666,0.11063384902589977,0.18621963940614766,0.9628803116145366
5,0.020467069021113143,0.08692960207383452,0.14306316444533562,0.9780105240064098,0.020535724577778754,0.08449534498468256,0.14330291196545433,0.978104600487703
6,0.022794157303537843,0.08935994178721296,0.15097734036449922,0.9756464408534647,0.01626590838026804,0.07920369443661751,0.12753787037687292,0.9825857557311972
