epoch,train_mse,train_mae,train_rmse,train_r2,val_mse,val_mae,val_rmse,val_r2
1,0.09279143987732756,0.2594961266312144,0.30461687392087716,-0.14990807109899937,0.08612999122042755,0.253279403373078,0.29347911547574823,-0.05805512991818515
2,0.08385210113463522,0.25026645889096616,0.2895722727310666,-0.03820102683253814,0.08617273462819053,0.2539606073519567,0.29355192833328575,-0.058665274740099076
3,0.08346784870943832,0.24970624392180668,0.2889080281152435,-0.03440635407600721,0.08611320474973091,0.25372954723718283,0.2934505149931261,-0.05778032749682873
